{"p_gens": [[0.8447695374488831], [0.614151656627655], [0.19649899005889893], [0.6617612838745117], [0.17603430151939392], [0.5498352646827698], [0.429484099149704], [0.28102079033851624], [0.4982065260410309], [0.3180729150772095], [0.18674121797084808], [0.291868656873703], [0.47904932498931885], [0.10850628465414047], [0.33233267068862915], [0.6754626631736755], [0.9996479749679565]], "article_lst": ["\u8ba4\u5f97", "\uff0c", "\u6211", "\u8ba4\u5f97", "\u4f60", "\uff0c", "\u90a3", "\u58f0\u97f3", "\u8bf4", "\uff0c", "\u4f60", "\u662f", "__\u5802\u4f69\u5fb7__", "\u7f57", "__\u8bfa\u91cc\u65af__", "\u3002"], "abstract_str": "\u90a3 \u58f0\u97f3 \u7b54\u9053 \uff0c \u4f60 \u662f !!__\u5510\u4f69\u5fb7\u7f57__!! __\u8bfa\u91cc\u65af__ \u3002", "attn_dists": [[0.9965391159057617, 2.0610402771126246e-06, 0.0023283162154257298, 2.1115760318934917e-05, 2.6750210963655263e-05, 1.2110031377687847e-07, 0.0002455975045450032, 0.0005971882492303848, 3.873054538416909e-06, 6.463610091600458e-09, 0.00015563261695206165, 2.1150083284737775e-07, 2.2891845219419338e-05, 5.331515058060177e-05, 2.558126880103373e-06, 1.2587501032612636e-06], [0.0002976495889015496, 0.9798889756202698, 0.0006400771089829504, 7.254764113895362e-07, 0.01910015568137169, 6.058904091332806e-06, 1.7524878614949557e-07, 8.529950079605442e-09, 1.637468649562379e-08, 1.2048649296048097e-05, 6.3663992477813736e-06, 2.237885254885441e-08, 1.6776131133156014e-06, 3.61421043635346e-05, 1.3026235201607506e-08, 9.944720659404993e-06], [0.0009425893658772111, 1.8359620526098297e-06, 0.9717739224433899, 0.0007948215934447944, 0.024423472583293915, 4.397205799477888e-08, 0.0007751428638584912, 5.594910908257589e-05, 2.060215592791792e-06, 1.3599398940300489e-08, 0.0012279530055820942, 1.23802863072342e-07, 9.478125662099046e-07, 9.071749786926375e-07, 3.801668313485607e-09, 6.507107030984116e-08], [0.0010194156784564257, 1.216984024665635e-08, 2.293233137606876e-06, 0.9989545345306396, 1.4049228980184125e-07, 6.918369876984798e-08, 1.2989709830435459e-05, 2.3732552563160425e-06, 5.9233434512862004e-06, 1.3666950904323016e-09, 4.641603368327196e-08, 6.163824650684546e-07, 1.5612666857123259e-06, 4.351376503564097e-08, 4.731954272862993e-10, 8.408765239664717e-09], [5.823162041451724e-07, 0.0003081533941440284, 6.528745143441483e-05, 3.490411870643584e-07, 0.9993549585342407, 3.708946314873174e-05, 1.0399000984762097e-06, 6.327230295255504e-09, 3.305279383525317e-09, 9.397550456924364e-06, 0.00022135804465506226, 1.7846907285345992e-09, 1.242912048837752e-06, 5.60704393137712e-07, 8.975084564433189e-10, 1.9179623222953524e-08], [2.8802755878132302e-06, 3.867008854285814e-05, 5.802311306979391e-07, 3.1331896934716497e-06, 1.6081259673228487e-05, 0.9993717670440674, 0.0003887286293320358, 3.735119662451325e-07, 2.3241169344601076e-07, 8.944611181505024e-06, 3.5401042168814456e-06, 0.00015544680354651064, 9.280900485464372e-06, 3.8213696029743005e-07, 1.8190804418338757e-10, 8.260718331598582e-09], [2.874191886803601e-05, 4.81107953476112e-09, 0.0008336970931850374, 0.0001688929187366739, 0.0008226385107263923, 2.7300561669107992e-06, 0.893524169921875, 0.10303891450166702, 0.00032347487285733223, 3.7987481960044533e-07, 0.0011018769582733512, 3.493501935736276e-05, 0.0001072547966032289, 1.2346450603217818e-05, 8.455057098899488e-08, 1.2859727505087903e-08], [5.34456479073242e-09, 8.802310443034589e-12, 1.7043000752892112e-06, 1.2615315014841144e-08, 3.6259933722249116e-07, 3.940662463008948e-09, 2.3265725758392364e-05, 0.9998552799224854, 6.679197394987568e-05, 1.5647717566125152e-09, 5.247053559287451e-05, 9.370691600452119e-08, 2.3134708371230772e-08, 8.005147100753618e-10, 3.285781924322606e-10, 2.2623415727590634e-12], [2.395281057943066e-07, 5.762420401955737e-11, 3.3680413480396965e-07, 1.975583074909082e-08, 3.032969075889014e-08, 3.9077729496739266e-08, 1.018020952869847e-06, 3.5833199945045635e-05, 0.9999479651451111, 4.301844001020072e-06, 9.692635103419889e-06, 4.082332054622384e-07, 7.300542392840725e-08, 5.604912800549755e-08, 1.639864632974053e-10, 2.94363089459182e-09], [9.393554378789304e-09, 1.0348566320317332e-05, 4.488242382194585e-07, 2.1318150023041937e-10, 3.5304358902976674e-07, 0.00012244439858477563, 1.0760533086795476e-06, 2.647348367190716e-07, 1.1807504961325321e-05, 0.9997958540916443, 5.6925040553323925e-05, 1.4862861519304715e-07, 2.6310186740374775e-07, 1.968839136168299e-08, 3.850612884104265e-11, 6.969550980784334e-08], [1.2471779200495803e-06, 2.1269420946712359e-10, 0.0003551812842488289, 7.306499583137338e-07, 6.494503031717613e-05, 4.779865836468389e-09, 5.433620390249416e-05, 3.3311873266939074e-05, 1.2077331120963208e-05, 8.661123160891293e-07, 0.9992318749427795, 4.046398316859268e-06, 0.0002358214114792645, 5.331535703589907e-06, 2.3729396048111084e-07, 4.5452722474692564e-08], [0.0007434602594003081, 3.812294036009689e-09, 7.57061613398946e-08, 7.897295290604234e-06, 2.0890931651251776e-08, 1.2981036888959352e-05, 3.684045441332273e-05, 4.581937446346274e-06, 6.441034929594025e-05, 3.7035906785831685e-08, 1.0824836863321252e-05, 0.9956833124160767, 0.0034184108953922987, 1.7052840121323243e-05, 6.298866850329432e-08, 4.223828753424641e-08], [2.268254684167914e-05, 3.0829330754933437e-10, 6.431874908230384e-07, 6.4587820816086605e-06, 1.3957868532088469e-06, 1.480503719619719e-09, 1.625096075485999e-07, 1.8966927939345624e-07, 4.1282527263319935e-07, 8.23993406839918e-09, 5.081804920337163e-05, 8.544219599571079e-05, 0.9993684887886047, 0.00044468947453424335, 1.860406882769894e-05, 2.5490121124960297e-09], [1.0516781685510068e-06, 1.2391442396619823e-06, 1.922273327181756e-07, 2.53824179452522e-08, 3.983168141985516e-07, 4.051165447549465e-08, 2.425849210396791e-08, 5.103647282567181e-09, 1.52481547388561e-07, 7.235144494188717e-06, 1.2533726476249285e-05, 2.482119271007832e-06, 0.00017822674999479204, 0.9943426847457886, 0.0005718151805922389, 0.004881899803876877], [1.6350714560076085e-08, 5.1169526393834985e-09, 2.822225743034923e-12, 9.021262209474301e-11, 2.911426932872274e-10, 1.3698900680481074e-08, 4.649687856961293e-10, 7.572639737496445e-10, 9.134978107283587e-09, 1.8469078710836584e-08, 7.45547373837141e-11, 4.42713732340394e-09, 2.0413142465258716e-07, 3.587962783058174e-05, 0.9999381303787231, 2.570209289842751e-05], [1.046860461428878e-06, 2.774302402031026e-06, 3.470372433866942e-08, 2.945727750613969e-08, 6.22430533780971e-08, 1.2918071945478005e-07, 2.451095681976767e-08, 9.183022342540426e-09, 6.170465667310054e-07, 1.3732359548157547e-05, 2.0773372853000183e-06, 1.6216806386637472e-07, 5.191308218854829e-07, 0.0057532466016709805, 0.00035264590405859053, 0.993872880935669], [0.05855507776141167, 0.0034192008897662163, 0.0001477219193475321, 0.017300035804510117, 0.00041117900400422513, 0.034142956137657166, 0.015541763044893742, 0.06270860880613327, 0.02650422789156437, 0.006967856083065271, 0.00040732603520154953, 0.01836261712014675, 0.005381189752370119, 0.053759194910526276, 0.40591126680374146, 0.2904798090457916]], "decoded_lst": ["\u8ba4\u5f97", "\uff0c", "\u6211", "\u8ba4\u5f97", "\u4f60", "\uff0c", "\u90a3", "\u58f0\u97f3", "\u8bf4", "\uff0c", "\u4f60", "\u662f", "\u5802\u4f69\u5fb7", "\u7f57", "\u8bfa\u91cc\u65af", "\u3002"]}