{"p_gens": [[0.6533956527709961], [0.4750858545303345], [0.5632143616676331], [0.5896150469779968], [0.7716846466064453], [0.44891515374183655], [0.3256099224090576], [0.26471954584121704], [0.3016442656517029], [0.21405735611915588], [0.2085859775543213], [0.14351128041744232], [0.15438033640384674], [0.14892736077308655], [0.14888113737106323], [0.2373543530702591], [0.1863471418619156], [0.13236525654792786], [0.14470085501670837], [0.18979209661483765], [0.568162739276886], [0.9987519979476929]], "article_lst": ["\u90a3", "\u7f8a\u76ae", "\u5916\u5957", "\u4e00\u76f4", "\u906e", "\u5230", "\u811a\u8ddf", "\uff0c", "\u5373\u4f7f", "\u5916\u9762", "\u522e", "\u7740", "\u5927", "\u98ce\u96ea", "\uff0c", "\u91cc\u9762", "\u8fd8", "\u662f", "\u6e29\u6696", "\u7684", "\u3002"], "abstract_str": "\u90a3 \u7f8a\u76ae \u5916\u5957 \u4e00\u76f4 \u76d6 \u4f4f \u811a\u8ddf \uff0c \u5373\u4f7f \u5916\u9762 \u522e \u7740 \u5927 \u98ce\u96ea \uff0c \u91cc\u9762 \u8fd8\u662f \u6696\u548c \u7684 \u3002", "attn_dists": [[0.6222172975540161, 0.3350827991962433, 0.0029682470485568047, 0.003873421112075448, 0.00010518963972572237, 0.0007527812849730253, 0.0008870438323356211, 3.9875690163171384e-06, 0.014851684682071209, 0.018012680113315582, 0.0008275100262835622, 3.866628262017002e-08, 4.6328506869031116e-05, 7.930564606795087e-05, 6.272413770602725e-07, 0.0001901877549244091, 6.494627450592816e-05, 2.1541704882110935e-06, 2.561940891609993e-05, 4.23474773469934e-07, 7.67100846132962e-06], [1.3032230526732747e-05, 0.999967634677887, 1.840673758124467e-05, 9.239248477399542e-09, 8.417192498555437e-10, 2.0340170520105616e-11, 2.2619283868152706e-07, 2.7906454924675472e-09, 3.146678295706806e-07, 8.309116594773513e-08, 8.535063766856865e-10, 1.1296521443965313e-12, 6.1699103603984895e-09, 2.975866886245626e-09, 5.930416574484454e-11, 3.1577832260154537e-07, 6.5675216376348544e-09, 4.804587838691532e-10, 3.7452960732764495e-09, 2.1075799525732686e-12, 7.135956714421354e-09], [2.4858424652052236e-08, 2.0044856228196295e-06, 0.9999979138374329, 6.518736661575986e-09, 2.8869282520105344e-09, 1.1994913525978368e-12, 6.523360185362037e-10, 7.1178648912428866e-12, 7.5044512826139e-09, 2.4510202756289345e-09, 2.6839266364930836e-09, 3.2676698803399407e-13, 3.229611578170477e-10, 4.820388710413681e-08, 2.8238160507815246e-12, 1.0644588543939904e-09, 9.684525403841349e-10, 1.7005966079786106e-11, 1.3623922302807845e-11, 1.006303981115897e-12, 1.0217055673722442e-10], [2.7238240818405757e-07, 2.7910911359896318e-09, 9.703131809146726e-08, 0.9998298287391663, 0.00010779830336105078, 2.8858226031047707e-08, 4.4491336836927076e-08, 1.0326266064453193e-08, 5.627229256788269e-05, 5.263302682578797e-07, 5.906465503358049e-07, 2.9661864076047095e-09, 2.551848066190132e-09, 5.90936605204817e-11, 5.468442920708583e-10, 8.738422252463351e-08, 4.464064204512397e-06, 2.4815026478108848e-08, 2.2006204858371348e-08, 8.008276708437734e-09, 9.821746888016847e-11], [3.5610119020201836e-11, 1.1713249814526705e-10, 1.4056958264063724e-08, 0.00011730656842701137, 0.9998611211776733, 2.3369518658000743e-06, 4.620761728801881e-08, 3.719591908785125e-12, 4.525952945755307e-09, 2.8539928198512143e-09, 1.8963324691867456e-05, 7.120166956031682e-11, 1.923327989927781e-11, 8.959279498843564e-12, 1.2500417367888872e-12, 9.087281482855758e-10, 3.708180074113443e-08, 1.964193643289036e-07, 9.14527475970317e-09, 2.56701262893802e-13, 2.3783737566202e-12], [2.702536805454514e-10, 1.7455155099099784e-09, 5.845919859304161e-10, 2.551928268701431e-08, 2.7477467483549844e-06, 0.9999866485595703, 2.3986720520952076e-07, 5.7745704051814783e-11, 1.1767435637022317e-10, 1.4542328452549214e-09, 1.6650553158470416e-09, 1.0271953215124086e-05, 3.900973766235438e-09, 3.8054909917706325e-11, 2.151033257763446e-13, 1.8831405879105034e-10, 7.285810621482369e-09, 1.4763119615679443e-08, 3.019577698992748e-09, 2.784494856911124e-12, 3.619762367450263e-13], [6.155470941848762e-07, 8.277817187263281e-07, 6.668402718901234e-09, 1.4847125839878572e-07, 4.6396451125474414e-07, 4.074549906363245e-06, 0.9999620914459229, 1.8127953183011414e-07, 8.305524943352793e-07, 3.006033011843101e-06, 2.927402853458716e-08, 4.223457583663048e-09, 2.5792454835027456e-05, 1.4928779989986651e-07, 3.389668754016917e-11, 8.874701507011196e-08, 7.213178054854552e-09, 1.7924763062726612e-10, 1.698871983535355e-06, 9.442047838037482e-11, 5.886305765728794e-12], [6.718596523569431e-08, 9.809412837569198e-09, 1.2005220639821346e-07, 4.6826374955344363e-07, 9.056080330083205e-08, 9.83028272116826e-08, 7.888328400440514e-05, 0.9997128844261169, 0.00019688281463459134, 6.29513806416071e-06, 5.210466156313487e-07, 5.872956876373792e-07, 3.135653798835847e-07, 4.068954808644776e-07, 6.331712256724131e-07, 2.4001525389394374e-07, 3.251411584415109e-08, 1.0842978737102271e-09, 9.726468519488662e-09, 1.3148385278327623e-06, 4.712214973778828e-08], [0.00011186891788383946, 2.6654190151020885e-05, 4.262195943738334e-05, 0.00026078755035996437, 0.00012124648492317647, 3.5371729609323665e-05, 0.0009276244672946632, 9.003306900012831e-07, 0.9554778337478638, 0.03637569770216942, 0.003458053572103381, 1.015998236653104e-06, 0.0004937131307087839, 0.00026307269581593573, 5.6227861477964325e-08, 0.002259216271340847, 8.375319885089993e-05, 1.8483948451830656e-06, 5.863600745215081e-05, 5.946925174526996e-09, 1.0581075571280962e-08], [1.938214836627594e-06, 4.9151662295798815e-08, 1.310722819169996e-08, 4.706752676497672e-08, 7.325532180857408e-08, 1.8315768457455306e-08, 2.7146845695824595e-06, 1.1858661608243892e-08, 6.073705208109459e-06, 0.9993351697921753, 0.0006513214902952313, 1.0713424591912712e-09, 1.8748166894511087e-06, 2.2188210380136297e-07, 2.703849366625377e-09, 4.0715627847021096e-07, 2.665257570200197e-09, 2.031143697678317e-09, 3.6300694006285994e-08, 2.7596336327206927e-10, 4.912220852304472e-09], [3.0748246899747755e-06, 4.0257603473037307e-07, 1.482508196204435e-05, 1.3570657131367625e-07, 2.680988018255448e-07, 3.728782260736807e-08, 3.857458068523556e-05, 2.492543274001946e-07, 9.595399205863941e-06, 0.030951401218771935, 0.965093731880188, 3.615435389292543e-06, 0.0018659798661246896, 0.0019928659312427044, 7.1296297754486204e-09, 3.0811665396868193e-07, 1.8583541532279924e-05, 1.95250933643365e-07, 6.072862106520915e-06, 4.3541362515497894e-08, 5.052902540825244e-11], [2.608096849598951e-09, 2.2972330981918532e-10, 6.152485465538149e-11, 3.025021205749212e-11, 1.6438922445516368e-10, 3.651772567536682e-05, 2.4047420055239854e-08, 6.907293403912718e-09, 5.387350565655424e-10, 1.0039793778560124e-06, 2.648282020345505e-07, 0.9999462366104126, 1.575750866322778e-05, 1.6350389842045843e-07, 1.1985425672766947e-11, 1.2384206160565014e-10, 3.268546822088325e-10, 2.362806617028923e-10, 2.0988530913257364e-09, 1.1914893516262737e-09, 3.933131945133006e-11], [4.5255762870510807e-07, 2.853856244655617e-07, 7.419335812386407e-09, 1.171969854496524e-09, 1.1404667210612729e-09, 1.8405172852453688e-07, 4.2661129555199295e-05, 3.5915563856292465e-09, 4.48875034919638e-08, 5.341611995390849e-06, 4.5368728024186566e-05, 8.152856935339514e-06, 0.9991793036460876, 0.0005031604086980224, 1.584311681845918e-09, 1.1839586733231044e-07, 5.225676247277988e-08, 1.7441926791761375e-09, 0.00021482120791915804, 9.70941327338437e-10, 1.6396860258449664e-10], [1.876841793091444e-09, 4.9512651756344894e-09, 4.940796216601484e-08, 2.2644483944206373e-12, 5.2114783842538426e-12, 2.5881106285874367e-11, 5.557333437877787e-08, 2.5768370770506976e-10, 6.5307235175282585e-09, 3.6400498171218487e-09, 7.414411129502696e-08, 4.3933831572751103e-10, 1.0875512998609338e-05, 0.9999887943267822, 1.048312214813052e-09, 3.3982994196435357e-10, 4.919717966345161e-10, 4.780716187507972e-12, 8.801456630180837e-08, 6.053930690086418e-10, 3.76080666608658e-10], [8.412891361331276e-08, 2.344381910823756e-10, 1.1022905965774044e-07, 1.3073830018583976e-07, 7.42422685107158e-07, 